{"text": " \u0627\u0644\u0633\u0644\u0627\u0645 \u0639\u0644\u064a\u0643\u0645 \u0648\u0631\u062d\u0645\u0629 \u0627\u0644\u0644\u0647 \u0648\u0628\u0631\u0643\u0627\u062a\u0647", "segments": [{"id": 0, "seek": 0, "start": 0.0, "end": 2.0, "text": " \u0627\u0644\u0633\u0644\u0627\u0645 \u0639\u0644\u064a\u0643\u0645 \u0648\u0631\u062d\u0645\u0629 \u0627\u0644\u0644\u0647 \u0648\u0628\u0631\u0643\u0627\u062a\u0647", "tokens": [50364, 21136, 37440, 25894, 24793, 4032, 2288, 35571, 3660, 21984, 4032, 26890, 4117, 9307, 3224, 50464], "temperature": 0.0, "avg_logprob": -0.24345308191636028, "compression_ratio": 0.9666666666666667, "no_speech_prob": 0.19790895283222198}], "language": "ar"}